Cycle start time,Cycle end time,Cycle timezone,Workout start time,Workout end time,Duration (min),Activity name,Activity Strain,Energy burned (cal),Max HR (bpm),Average HR (bpm),HR Zone 1 %,HR Zone 2 %,HR Zone 3 %,HR Zone 4 %,HR Zone 5 %,GPS enabled,Distance (meters),Altitude gain (meters),Altitude change (meters)
2024-08-08 00:56:02,,UTC-07:00,2024-08-08 18:05:00,2024-08-08 20:51:00,166,Weightlifting,8.7,254.0,128,82,18,4,0,0,0,false,,,
2024-08-07 00:37:15,2024-08-08 00:56:02,UTC-07:00,2024-08-07 18:05:00,2024-08-07 20:19:00,134,Rowing,13.8,835.0,167,116,16,19,21,16,0,false,,,
2024-08-07 00:37:15,2024-08-08 00:56:02,UTC-07:00,2024-08-07 16:40:30,2024-08-07 17:01:29,20,Walking,4.3,41.0,117,94,62,2,0,0,0,false,,,
2024-08-06 01:48:24,2024-08-07 00:37:15,UTC-07:00,2024-08-06 19:40:30,2024-08-06 20:07:29,26,Spin,7.6,212.0,161,127,8,41,32,14,0,false,,,
2024-08-06 01:48:24,2024-08-07 00:37:15,UTC-07:00,2024-08-06 18:21:00,2024-08-06 19:39:00,78,Weightlifting,9.0,118.0,123,83,21,1,0,0,0,false,,,
2024-08-05 01:51:33,2024-08-06 01:48:24,UTC-07:00,2024-08-05 21:34:00,2024-08-05 22:04:29,30,Cycling,9.4,269.0,168,132,19,21,19,39,0,false,,,
2024-08-05 01:51:33,2024-08-06 01:48:24,UTC-07:00,2024-08-05 20:33:00,2024-08-05 21:34:00,61,Weightlifting,8.2,101.0,120,84,30,3,0,0,0,false,,,
2024-08-04 00:04:08,2024-08-05 01:51:33,UTC-07:00,2024-08-04 16:24:00,2024-08-04 17:38:59,74,Cycling,12.1,568.0,164,125,18,18,46,10,0,false,,,
2024-08-02 01:45:16,2024-08-03 01:52:12,UTC-07:00,2024-08-02 21:45:00,2024-08-02 22:02:59,17,Weightlifting,4.7,65.0,154,106,55,36,5,0,0,false,,,
2024-08-02 01:45:16,2024-08-03 01:52:12,UTC-07:00,2024-08-02 20:31:22,2024-08-02 21:12:32,41,Running,15.6,624.0,191,164,0,1,4,69,26,false,,,
2024-08-01 01:03:24,2024-08-02 01:45:16,UTC-07:00,2024-08-01 18:39:15,2024-08-01 19:14:17,35,Cycling,9.8,333.0,166,136,4,26,52,18,0,false,,,
2024-08-01 01:03:24,2024-08-02 01:45:16,UTC-07:00,2024-08-01 17:14:00,2024-08-01 18:30:00,76,Weightlifting,13.0,179.0,139,97,55,17,0,0,0,false,,,
2024-07-30 00:34:54,2024-07-31 00:26:58,UTC-07:00,2024-07-30 18:57:00,2024-07-30 19:23:59,26,Spin,8.1,236.0,160,133,4,36,42,17,0,false,,,
2024-07-28 22:59:03,2024-07-30 00:34:54,UTC-07:00,2024-07-29 16:43:30,2024-07-29 17:29:59,46,Running,13.7,519.0,175,144,5,27,11,49,8,false,,,
2024-07-27 01:00:13,2024-07-28 03:19:32,UTC-07:00,2024-07-27 11:18:00,2024-07-27 12:02:59,44,Weightlifting,5.4,138.0,142,104,67,25,1,0,0,false,,,
2024-07-27 01:00:13,2024-07-28 03:19:32,UTC-07:00,2024-07-27 10:37:32,2024-07-27 10:56:52,19,Cycling,6.2,136.0,156,124,23,37,33,7,0,false,,,
2024-07-25 23:49:19,2024-07-27 01:00:13,UTC-07:00,2024-07-26 19:55:00,2024-07-26 21:05:01,70,Rowing,13.1,636.0,170,132,3,18,43,27,0,false,,,
2024-07-24 23:38:22,2024-07-25 23:49:19,UTC-07:00,2024-07-25 19:42:00,2024-07-25 20:16:21,34,Running,11.3,317.0,169,134,18,14,5,56,0,false,,,
2024-07-24 23:38:22,2024-07-25 23:49:19,UTC-07:00,2024-07-25 09:46:30,2024-07-25 10:02:59,16,Hiking/Rucking,4.2,33.0,130,92,37,12,0,0,0,false,,,
2024-07-24 00:50:26,2024-07-24 23:38:22,UTC-07:00,2024-07-24 19:33:17,2024-07-24 20:16:50,43,Cycling,14.7,586.0,182,156,0,8,17,53,22,false,,,
2024-07-22 23:35:52,2024-07-24 00:50:26,UTC-07:00,2024-07-23 19:05:00,2024-07-23 19:33:00,28,Running,10.4,256.0,173,130,5,1,12,47,4,false,,,
2024-07-22 23:35:52,2024-07-24 00:50:26,UTC-07:00,2024-07-23 16:56:00,2024-07-23 18:56:00,120,Weightlifting,9.0,205.0,136,88,36,5,0,0,0,false,,,
2024-07-21 23:42:40,2024-07-22 23:35:52,UTC-07:00,2024-07-22 19:54:00,2024-07-22 20:37:09,43,Basketball,12.4,478.0,173,144,2,13,31,54,0,false,,,
2024-07-21 23:42:40,2024-07-22 23:35:52,UTC-07:00,2024-07-22 18:00:00,2024-07-22 19:50:00,110,Weightlifting,7.7,188.0,134,89,39,5,0,0,0,false,,,
2024-07-19 22:47:13,2024-07-21 02:13:54,UTC-05:00,2024-07-20 11:24:00,2024-07-20 11:52:29,28,Activity,5.8,152.0,146,115,30,58,12,0,0,false,,,
2024-07-17 23:16:28,2024-07-19 00:14:07,UTC-05:00,2024-07-18 22:08:00,2024-07-18 23:02:00,54,Weightlifting,10.5,81.0,130,88,29,4,0,0,0,false,,,
2024-07-17 23:16:28,2024-07-19 00:14:07,UTC-05:00,2024-07-18 21:33:00,2024-07-18 22:07:29,34,Weightlifting,4.4,68.0,143,95,56,8,2,0,0,false,,,
2024-07-17 00:29:46,2024-07-17 23:16:28,UTC-05:00,2024-07-17 11:45:00,2024-07-17 11:59:59,14,Kayaking,4.1,32.0,137,92,30,14,0,0,0,false,,,
2024-07-13 01:04:52,2024-07-13 22:03:42,UTC-05:00,2024-07-13 12:47:00,2024-07-13 16:30:00,223,Hiking/Rucking,9.7,605.0,166,97,45,13,2,1,0,false,,,
2024-07-13 01:04:52,2024-07-13 22:03:42,UTC-05:00,2024-07-13 10:23:58,2024-07-13 12:46:13,142,Hiking/Rucking,11.9,729.0,164,111,24,35,21,2,0,true,4742.13,1327.79,433.15
2024-07-13 01:04:52,2024-07-13 22:03:42,UTC-05:00,2024-07-13 09:09:00,2024-07-13 10:22:00,73,Hiking/Rucking,7.7,305.0,159,103,20,24,13,2,0,false,,,
2024-07-02 23:10:16,2024-07-04 01:35:42,UTC-07:00,2024-07-03 20:11:00,2024-07-03 21:00:00,49,Spin,9.0,357.0,159,125,14,38,46,1,0,false,,,
2024-07-02 23:10:16,2024-07-04 01:35:42,UTC-07:00,2024-07-03 18:15:00,2024-07-03 20:10:00,115,Weightlifting,6.9,186.0,132,87,30,4,0,0,0,false,,,
2024-07-02 02:54:09,2024-07-02 23:10:16,UTC-07:00,2024-07-02 19:24:00,2024-07-02 19:53:59,29,Spin,7.3,244.0,145,129,0,59,41,0,0,false,,,
2024-06-30 02:16:02,2024-07-01 01:30:57,UTC-07:00,2024-06-30 13:03:00,2024-06-30 13:26:59,23,Spin,7.5,219.0,155,134,0,26,72,2,0,false,,,
2024-06-29 01:56:03,2024-06-30 02:16:02,UTC-07:00,2024-06-29 14:19:30,2024-06-29 14:41:59,22,Spin,6.4,169.0,148,126,7,49,44,0,0,false,,,
2024-06-28 01:19:29,2024-06-29 01:56:03,UTC-07:00,2024-06-28 18:15:00,2024-06-28 18:34:59,19,Basketball,6.5,164.0,161,129,3,31,63,3,0,false,,,
2024-06-28 01:19:29,2024-06-29 01:56:03,UTC-07:00,2024-06-28 17:24:00,2024-06-28 18:01:29,37,Basketball,8.3,286.0,163,126,17,20,59,3,0,false,,,
2024-06-25 20:45:51,2024-06-27 01:50:40,UTC-07:00,2024-06-26 19:52:30,2024-06-26 20:16:29,23,Weightlifting,4.7,77.0,153,99,31,23,9,0,0,false,,,
2024-06-24 02:30:02,2024-06-24 23:45:23,UTC-07:00,2024-06-24 19:25:30,2024-06-24 19:41:59,16,Weightlifting,4.8,72.0,139,110,52,47,1,0,0,false,,,
2024-06-22 01:59:58,2024-06-23 03:00:44,UTC-07:00,2024-06-22 22:30:00,2024-06-23 01:38:00,188,Weightlifting,8.7,334.0,144,88,26,6,0,0,0,false,,,
2024-06-22 01:59:58,2024-06-23 03:00:44,UTC-07:00,2024-06-22 11:43:59,2024-06-22 13:02:10,78,Running,18.4,1151.0,183,162,0,1,8,61,30,true,12178.90,265.65,1.16
2024-06-18 00:33:28,2024-06-19 02:27:37,UTC-07:00,2024-06-18 20:22:30,2024-06-18 21:19:29,56,Rowing,11.4,410.0,167,123,24,18,12,33,0,false,,,
2024-06-18 00:33:28,2024-06-19 02:27:37,UTC-07:00,2024-06-18 19:21:00,2024-06-18 19:53:59,32,Weightlifting,4.7,84.0,138,98,48,21,3,0,0,false,,,
2024-06-17 01:46:57,2024-06-18 00:33:28,UTC-07:00,2024-06-17 18:31:30,2024-06-17 19:05:59,34,Spin,8.1,254.0,156,125,25,30,40,5,0,false,,,
2024-06-16 02:13:10,2024-06-17 01:46:57,UTC-07:00,2024-06-16 22:09:00,2024-06-16 23:25:29,76,Rowing,12.8,626.0,168,128,14,18,46,15,0,false,,,
2024-06-14 01:36:22,2024-06-15 03:01:29,UTC-07:00,2024-06-14 18:00:00,2024-06-14 18:29:59,29,Weightlifting,5.0,98.0,140,103,46,33,3,0,0,false,,,
2024-06-12 02:43:22,2024-06-13 01:41:08,UTC-07:00,2024-06-12 20:40:06,2024-06-12 21:06:33,26,Cycling,9.0,260.0,171,137,1,30,40,29,0,false,,,
2024-06-11 04:14:25,2024-06-12 02:43:22,UTC-07:00,2024-06-11 23:39:00,2024-06-12 00:10:29,31,Rowing,9.9,313.0,169,138,7,16,44,32,0,false,,,
2024-06-11 04:14:25,2024-06-12 02:43:22,UTC-07:00,2024-06-11 22:28:30,2024-06-11 22:43:29,14,Weightlifting,4.3,39.0,122,101,76,13,0,0,0,false,,,
2024-06-06 04:04:33,2024-06-07 04:15:39,UTC-07:00,2024-06-06 22:09:00,2024-06-06 23:01:29,52,Activity,7.8,318.0,148,118,17,66,17,0,0,false,,,
2024-06-04 03:20:15,2024-06-05 02:58:09,UTC-07:00,2024-06-04 21:18:36,2024-06-04 22:28:48,70,Gaelic Football,7.0,266.0,150,107,62,31,4,0,0,false,,,
2024-06-04 03:20:15,2024-06-05 02:58:09,UTC-07:00,2024-06-04 18:15:00,2024-06-04 21:15:00,180,Walking,7.4,407.0,142,97,60,10,1,0,0,false,,,
2024-06-03 03:16:50,2024-06-04 03:20:15,UTC-07:00,2024-06-03 13:25:30,2024-06-03 13:47:59,22,Walking,4.6,61.0,148,98,63,10,3,0,0,false,,,
2024-05-26 22:31:48,2024-05-28 03:22:20,UTC-07:00,2024-05-27 10:34:00,2024-05-27 11:20:00,46,Running,12.7,478.0,171,139,10,19,22,49,0,false,,,
2024-05-26 22:31:48,2024-05-28 03:22:20,UTC-07:00,2024-05-27 10:26:31,2024-05-27 10:33:53,7,Running,5.1,58.0,164,126,27,16,38,19,0,true,899.69,19.14,-0.46
2024-05-26 01:45:54,2024-05-26 22:31:48,UTC-07:00,2024-05-26 13:00:00,2024-05-26 13:14:59,14,Spin,5.9,125.0,151,129,1,58,41,0,0,false,,,
2024-05-22 02:26:13,2024-05-23 02:45:05,UTC-07:00,2024-05-22 23:28:41,2024-05-23 00:40:15,71,Running,7.5,317.0,151,108,38,45,6,0,0,false,,,
2024-05-22 02:26:13,2024-05-23 02:45:05,UTC-07:00,2024-05-22 21:58:00,2024-05-22 22:59:00,61,Weightlifting,6.1,152.0,152,92,24,11,4,0,0,false,,,
2024-05-20 01:26:31,2024-05-21 03:00:59,UTC-07:00,2024-05-20 19:34:30,2024-05-20 19:49:29,14,Activity,5.3,89.0,155,117,25,40,25,2,0,false,,,
2024-05-16 02:41:46,2024-05-17 02:04:50,UTC-07:00,2024-05-16 21:51:00,2024-05-16 22:29:59,38,Spin,8.4,306.0,150,127,4,51,45,0,0,false,,,
2024-05-15 01:20:11,2024-05-16 02:41:46,UTC-07:00,2024-05-15 22:42:00,2024-05-15 22:56:59,14,Spin,6.6,147.0,157,137,0,18,77,5,0,false,,,
2024-05-15 01:20:11,2024-05-16 02:41:46,UTC-07:00,2024-05-15 19:19:00,2024-05-15 22:04:00,165,Weightlifting,5.0,249.0,125,81,16,1,0,0,0,false,,,
2024-05-14 02:35:36,2024-05-15 01:20:11,UTC-07:00,2024-05-14 19:05:57,2024-05-14 21:07:02,121,Weightlifting,14.0,392.0,163,97,24,8,12,2,0,false,,,
2024-05-11 00:52:24,2024-05-12 01:50:49,UTC-07:00,2024-05-11 04:58:00,2024-05-11 07:58:00,180,Running,,,,,,,,,,false,,,
2024-05-10 00:00:00,2024-05-11 00:52:24,UTC-07:00,2024-05-10 23:21:00,2024-05-11 00:52:24,91,Running,11.8,683.0,152,126,7,54,39,0,0,false,,,
2024-05-08 23:13:43,2024-05-10 00:00:00,UTC-07:00,2024-05-09 06:00:00,2024-05-09 07:39:00,99,Running,14.7,896.0,168,133,10,15,37,32,0,false,,,
2024-05-07 06:12:48,2024-05-08 02:44:43,UTC-07:00,2024-05-07 23:18:00,2024-05-08 00:28:29,70,Activity,11.2,571.0,155,129,2,53,44,1,0,false,,,
2024-05-04 03:26:39,2024-05-05 03:05:04,UTC-07:00,2024-05-04 22:58:30,2024-05-04 23:32:59,34,Activity,5.6,138.0,141,106,51,34,4,0,0,false,,,
2024-05-03 01:28:25,2024-05-04 03:26:39,UTC-07:00,2024-05-03 14:03:00,2024-05-03 15:45:00,102,Cycling,7.2,311.0,144,100,45,15,7,0,0,false,,,
2024-05-01 01:45:23,2024-05-02 01:31:58,UTC-07:00,2024-05-01 16:49:37,2024-05-01 17:24:34,34,Running,10.0,342.0,163,137,6,13,61,20,0,true,4792.18,123.66,1.82
2024-05-01 01:45:23,2024-05-02 01:31:58,UTC-07:00,2024-05-01 16:48:29,2024-05-01 16:49:23,0,Running,0.3,1.0,102,89,58,0,0,0,0,false,,,
2024-04-29 04:10:00,2024-04-30 04:18:50,UTC-07:00,2024-04-29 19:06:00,2024-04-29 19:25:29,19,Weightlifting,4.6,63.0,131,102,60,27,0,0,0,false,,,
2024-04-29 04:10:00,2024-04-30 04:18:50,UTC-07:00,2024-04-29 18:10:30,2024-04-29 18:32:59,22,Weightlifting,4.8,79.0,124,103,65,21,0,0,0,false,,,
2024-04-23 01:09:13,2024-04-24 02:54:35,UTC-07:00,2024-04-23 16:13:30,2024-04-23 16:35:59,22,Powerlifting,5.0,88.0,137,105,52,32,3,0,0,false,,,
2024-04-21 00:53:17,2024-04-22 02:56:30,UTC-07:00,2024-04-21 07:31:30,2024-04-21 08:22:29,50,Running,10.0,375.0,169,124,20,31,35,11,0,false,,,
2024-04-20 03:29:55,2024-04-21 00:53:17,UTC-07:00,2024-04-20 19:39:00,2024-04-20 20:28:00,48,Activity,10.9,427.0,170,131,11,42,26,21,0,false,,,
2024-04-20 03:29:55,2024-04-21 00:53:17,UTC-07:00,2024-04-20 18:18:22,2024-04-20 18:46:18,27,Cycling,8.2,257.0,156,133,2,32,63,3,0,false,,,
2024-04-20 03:29:55,2024-04-21 00:53:17,UTC-07:00,2024-04-20 17:50:00,2024-04-20 18:17:00,27,Running,4.6,66.0,148,89,14,4,9,0,0,false,,,
2024-04-17 02:06:03,2024-04-18 03:01:57,UTC-07:00,2024-04-17 20:40:30,2024-04-17 21:26:59,46,Box Fitness,9.1,318.0,180,121,33,36,20,6,3,false,,,
2024-04-16 02:21:20,2024-04-17 02:06:03,UTC-07:00,2024-04-16 18:57:00,2024-04-16 19:16:29,19,Spin,5.8,140.0,138,123,3,90,7,0,0,false,,,
2024-04-15 02:38:52,2024-04-16 02:21:20,UTC-07:00,2024-04-15 10:50:00,2024-04-15 11:58:00,68,Cycling,7.2,287.0,144,107,54,35,3,0,0,false,,,
2024-04-14 02:07:14,2024-04-15 02:38:52,UTC-07:00,2024-04-14 13:48:00,2024-04-14 14:22:29,34,Basketball,10.9,357.0,165,139,8,14,28,48,0,false,,,
2024-04-13 03:35:09,2024-04-14 02:07:14,UTC-07:00,2024-04-13 20:24:00,2024-04-13 21:04:29,40,Activity,11.4,436.0,165,141,0,10,66,24,0,false,,,
2024-04-08 03:24:27,2024-04-09 02:30:11,UTC-07:00,2024-04-08 17:37:13,2024-04-08 18:00:30,23,Running,10.9,300.0,172,152,0,1,31,68,0,false,,,
2024-04-05 02:19:53,2024-04-06 03:10:25,UTC-07:00,2024-04-05 21:59:00,2024-04-05 22:59:00,60,Running,9.0,291.0,169,105,22,6,12,15,0,false,,,
2024-04-03 02:21:51,2024-04-04 01:22:23,UTC-07:00,2024-04-03 16:28:30,2024-04-03 16:53:59,25,Weightlifting,5.7,139.0,145,114,27,62,7,0,0,false,,,
2024-04-01 01:58:02,2024-04-02 01:26:02,UTC-07:00,2024-04-01 21:50:00,2024-04-01 22:22:00,32,Weightlifting,4.7,81.0,125,96,71,4,0,0,0,false,,,
2024-03-31 00:00:00,2024-04-01 02:58:02,UTC-06:00,2024-03-31 17:30:00,2024-03-31 18:45:00,75,Mountain Biking,11.2,494.0,155,119,21,11,46,1,0,false,,,
2024-03-31 00:00:00,2024-04-01 02:58:02,UTC-06:00,2024-03-31 16:51:00,2024-03-31 17:29:43,38,Activity,10.9,379.0,158,136,13,16,48,23,0,false,,,
2024-03-22 01:04:49,2024-03-22 23:59:53,UTC-06:00,2024-03-22 10:04:00,2024-03-22 15:04:00,300,Skiing,10.6,857.0,147,95,26,18,1,0,0,false,,,
2024-03-20 02:51:10,2024-03-21 00:51:08,UTC-07:00,2024-03-20 17:55:47,2024-03-20 19:56:22,120,Weightlifting,16.4,1065.0,178,131,18,25,14,34,3,false,,,
2024-03-17 02:01:18,2024-03-18 04:23:47,UTC-07:00,2024-03-17 17:43:10,2024-03-17 19:09:34,86,Weightlifting,7.7,315.0,157,100,39,11,13,1,0,false,,,
2024-03-16 04:42:49,2024-03-17 02:01:18,UTC-07:00,2024-03-16 19:51:00,2024-03-16 23:48:05,237,Weightlifting,5.6,396.0,130,79,21,2,0,0,0,false,,,
2024-03-14 02:46:40,2024-03-15 02:13:45,UTC-07:00,2024-03-14 20:36:11,2024-03-14 22:21:25,105,Weightlifting,8.1,369.0,149,100,46,16,8,0,0,false,,,
2024-03-11 03:17:46,2024-03-12 01:38:39,UTC-07:00,2024-03-11 18:56:04,2024-03-11 20:05:45,69,Water Polo,12.4,563.0,166,128,8,28,33,19,0,false,,,
2024-03-11 03:17:46,2024-03-12 01:38:39,UTC-07:00,2024-03-11 14:42:53,2024-03-11 16:38:43,115,Weightlifting,6.0,260.0,134,93,47,8,0,0,0,false,,,
2024-03-06 03:45:00,2024-03-07 03:05:18,UTC-08:00,2024-03-06 20:42:27,2024-03-06 21:46:25,63,Weightlifting,6.0,197.0,133,101,62,20,0,0,0,false,,,
2024-03-04 02:11:33,2024-03-05 04:34:04,UTC-08:00,2024-03-04 18:56:14,2024-03-04 21:17:27,141,Water Polo,14.7,924.0,169,118,33,13,17,21,0,false,,,
2024-03-02 02:24:45,2024-03-03 03:47:35,UTC-08:00,2024-03-02 10:58:34,2024-03-02 12:37:35,99,Water Polo,,,,,,,,,,false,,,
2024-02-29 01:16:00,2024-03-01 02:52:13,UTC-08:00,2024-02-29 19:08:19,2024-02-29 20:32:35,84,Water Polo,15.7,856.0,182,138,17,9,16,49,5,false,,,
2024-02-27 00:57:55,2024-02-28 02:53:10,UTC-08:00,2024-02-27 19:08:18,2024-02-27 20:01:07,52,Weightlifting,5.5,151.0,144,97,41,14,6,0,0,false,,,
2024-02-25 03:03:03,2024-02-26 03:35:49,UTC-08:00,2024-02-25 14:27:03,2024-02-25 15:34:43,67,Wheelchair Pushing,9.2,436.0,143,119,13,71,14,0,0,false,,,
2024-02-25 03:03:03,2024-02-26 03:35:49,UTC-08:00,2024-02-25 13:20:05,2024-02-25 14:26:12,66,High Stress Work,5.0,144.0,130,90,32,11,0,0,0,false,,,
2024-02-24 02:22:54,2024-02-25 03:03:03,UTC-08:00,2024-02-24 14:24:35,2024-02-24 15:44:49,80,High Stress Work,13.5,776.0,161,136,5,13,76,6,0,false,,,
2024-02-24 02:22:54,2024-02-25 03:03:03,UTC-08:00,2024-02-24 12:49:58,2024-02-24 14:22:14,92,Weightlifting,5.2,180.0,137,92,37,7,0,0,0,false,,,
2024-02-22 01:30:30,2024-02-23 02:11:20,UTC-08:00,2024-02-22 19:06:17,2024-02-22 19:32:20,26,Operations - Tactical,10.5,298.0,181,144,0,15,41,36,7,false,,,
2024-02-19 04:03:07,2024-02-20 02:12:08,UTC-08:00,2024-02-19 20:17:06,2024-02-19 20:58:43,41,Weightlifting,4.5,79.0,131,89,37,8,0,0,0,false,,,
2024-02-19 04:03:07,2024-02-20 02:12:08,UTC-08:00,2024-02-19 20:03:00,2024-02-19 20:16:00,13,Weightlifting,3.9,20.0,127,87,19,3,0,0,0,false,,,
2024-02-19 04:03:07,2024-02-20 02:12:08,UTC-08:00,2024-02-19 19:30:07,2024-02-19 20:02:23,32,Elliptical,8.6,275.0,154,130,17,17,60,6,0,false,,,
2024-02-18 03:36:09,2024-02-19 04:03:07,UTC-08:00,2024-02-18 14:33:33,2024-02-18 16:00:07,86,Swimming,15.5,858.0,188,136,16,14,19,45,4,false,,,
2024-02-16 01:55:45,2024-02-17 00:19:40,UTC-08:00,2024-02-16 18:35:33,2024-02-16 20:17:58,102,Rowing,9.1,400.0,160,94,17,12,13,3,0,false,,,
2024-02-16 01:55:45,2024-02-17 00:19:40,UTC-08:00,2024-02-16 18:10:00,2024-02-16 18:34:00,24,Weightlifting,4.2,43.0,141,86,26,5,1,0,0,false,,,
2024-02-16 01:55:45,2024-02-17 00:19:40,UTC-08:00,2024-02-16 16:42:00,2024-02-16 18:09:00,87,Weightlifting,5.0,166.0,120,87,38,1,0,0,0,false,,,
2024-02-16 01:55:45,2024-02-17 00:19:40,UTC-08:00,2024-02-16 15:08:47,2024-02-16 16:41:06,92,Rugby,8.5,406.0,144,106,33,34,10,0,0,false,,,
2024-02-14 03:04:33,2024-02-15 00:42:19,UTC-08:00,2024-02-14 16:31:43,2024-02-14 17:13:19,41,Weightlifting,4.4,74.0,120,88,39,0,0,0,0,false,,,
2024-02-12 03:13:01,2024-02-13 01:51:41,UTC-08:00,2024-02-12 18:57:56,2024-02-12 20:07:51,69,Water Polo,12.0,517.0,168,124,22,16,34,15,0,false,,,
2024-02-11 02:28:43,2024-02-12 03:13:01,UTC-08:00,2024-02-11 19:01:09,2024-02-11 19:58:17,57,Rowing,10.5,434.0,167,124,13,43,25,12,0,false,,,
2024-02-11 02:28:43,2024-02-12 03:13:01,UTC-08:00,2024-02-11 18:04:50,2024-02-11 19:00:52,56,Weightlifting,4.1,81.0,113,82,14,0,0,0,0,false,,,
2024-02-09 02:27:39,2024-02-10 03:15:47,UTC-08:00,2024-02-09 14:09:05,2024-02-09 15:18:19,69,Swimming,14.2,677.0,173,135,13,15,16,51,0,false,,,
2024-02-07 02:51:36,2024-02-08 02:14:38,UTC-08:00,2024-02-07 16:04:59,2024-02-07 16:51:37,46,Gaelic Football,9.6,400.0,147,130,1,42,57,0,0,false,,,
2024-02-07 02:51:36,2024-02-08 02:14:38,UTC-08:00,2024-02-07 15:49:00,2024-02-07 16:02:00,13,Gaelic Football,5.0,83.0,139,118,12,75,13,0,0,false,,,
2024-02-07 02:51:36,2024-02-08 02:14:38,UTC-08:00,2024-02-07 14:07:06,2024-02-07 14:34:05,26,Gaelic Football,9.5,277.0,171,138,6,13,46,34,0,false,,,
2024-02-03 23:44:00,2024-02-05 04:18:01,UTC-08:00,2024-02-04 15:12:24,2024-02-04 15:34:02,21,Cycling,6.8,179.0,150,128,3,43,54,0,0,false,,,
2024-02-03 23:44:00,2024-02-05 04:18:01,UTC-08:00,2024-02-04 14:12:24,2024-02-04 15:12:08,59,Weightlifting,4.4,96.0,115,87,29,0,0,0,0,false,,,
2024-02-03 02:52:51,2024-02-03 23:44:00,UTC-08:00,2024-02-03 20:15:45,2024-02-03 20:52:49,37,Cycling,7.9,273.0,149,123,15,40,44,0,0,false,,,
2024-02-02 03:40:50,2024-02-03 02:52:51,UTC-08:00,2024-02-02 17:01:37,2024-02-02 18:02:54,61,Weightlifting,6.4,218.0,137,103,62,26,0,0,0,false,,,
2024-02-02 03:40:50,2024-02-03 02:52:51,UTC-08:00,2024-02-02 16:33:05,2024-02-02 16:54:55,21,Cycling,6.9,188.0,147,130,1,33,66,0,0,false,,,
2024-02-02 03:40:50,2024-02-03 02:52:51,UTC-08:00,2024-02-02 15:39:46,2024-02-02 16:31:19,51,Rowing,13.4,584.0,170,143,1,13,36,50,0,false,,,
2024-01-30 02:16:59,2024-01-31 02:44:00,UTC-08:00,2024-01-30 16:54:01,2024-01-30 17:36:26,42,Running,11.2,420.0,164,136,2,16,57,21,0,false,,,
2024-01-28 04:21:50,2024-01-29 01:43:46,UTC-08:00,2024-01-28 14:40:52,2024-01-28 15:02:09,21,Rowing,9.0,219.0,168,138,8,16,26,47,0,false,,,
2024-01-28 04:21:50,2024-01-29 01:43:46,UTC-08:00,2024-01-28 13:48:07,2024-01-28 14:35:49,47,Elliptical,10.3,402.0,157,129,8,32,50,7,0,false,,,
2024-01-27 02:56:01,2024-01-28 04:21:50,UTC-08:00,2024-01-27 14:47:27,2024-01-27 14:59:41,12,Cycling,7.3,136.0,164,143,7,12,18,63,0,false,,,
2024-01-26 03:07:02,2024-01-27 02:56:01,UTC-08:00,2024-01-26 20:25:11,2024-01-26 21:01:31,36,Cycling,6.5,190.0,163,109,13,46,11,2,0,false,,,
2024-01-22 02:17:20,2024-01-23 01:33:47,UTC-08:00,2024-01-22 21:20:24,2024-01-22 22:49:11,88,Cycling,13.0,759.0,158,130,7,22,69,0,0,false,,,
2024-01-21 05:19:56,2024-01-22 02:17:20,UTC-08:00,2024-01-21 19:45:00,2024-01-21 20:43:33,58,Elliptical,13.2,618.0,164,140,5,13,48,34,0,false,,,
2024-01-21 05:19:56,2024-01-22 02:17:20,UTC-08:00,2024-01-21 14:14:12,2024-01-21 15:06:45,52,Cycling,9.1,381.0,151,124,16,40,43,0,0,false,,,
2024-01-18 03:58:05,2024-01-19 04:07:45,UTC-08:00,2024-01-18 16:59:38,2024-01-18 17:36:05,36,Cycling,7.0,241.0,142,120,19,63,18,0,0,true,1917.36,14.45,6.67
2024-01-16 04:25:57,2024-01-17 04:08:08,UTC-08:00,2024-01-16 22:00:00,2024-01-16 23:03:46,63,Basketball,11.5,504.0,162,126,17,28,40,11,0,false,,,
2024-01-14 04:22:53,2024-01-15 04:02:15,UTC-08:00,2024-01-14 14:24:30,2024-01-14 15:25:42,61,Swimming,14.3,671.0,177,142,8,15,21,56,0,true,1191.25,119.91,-2.69
2024-01-14 04:22:53,2024-01-15 04:02:15,UTC-08:00,2024-01-14 14:15:13,2024-01-14 14:24:18,9,Swimming,5.0,60.0,158,119,15,21,40,8,0,false,,,
2024-01-12 02:42:47,2024-01-13 03:24:39,UTC-08:00,2024-01-12 16:25:34,2024-01-12 18:03:03,97,Cycling,11.1,600.0,147,115,9,32,35,0,0,false,,,
2024-01-12 02:42:47,2024-01-13 03:24:39,UTC-08:00,2024-01-12 15:37:06,2024-01-12 16:25:20,48,Weightlifting,4.5,84.0,112,90,43,0,0,0,0,false,,,
2024-01-08 01:49:04,2024-01-09 01:33:44,UTC-08:00,2024-01-08 20:27:33,2024-01-08 22:06:17,98,Basketball,15.7,1012.0,173,138,7,20,46,27,0,false,,,
2024-01-08 01:49:04,2024-01-09 01:33:44,UTC-08:00,2024-01-08 14:46:21,2024-01-08 15:16:21,30,Cycling,7.9,235.0,158,126,23,26,44,6,0,false,,,
2024-01-07 02:51:30,2024-01-08 01:49:04,UTC-08:00,2024-01-07 16:19:34,2024-01-07 16:50:29,30,Cycling,10.8,355.0,161,144,0,6,65,29,0,false,,,
2024-01-06 01:26:52,2024-01-07 02:51:30,UTC-08:00,2024-01-06 17:40:00,2024-01-06 18:05:00,25,Weightlifting,4.3,50.0,129,86,34,9,0,0,0,false,,,
2024-01-06 01:26:52,2024-01-07 02:51:30,UTC-08:00,2024-01-06 16:05:50,2024-01-06 17:02:57,57,Running,13.3,585.0,171,136,2,4,44,38,0,false,,,
2024-01-05 03:38:01,2024-01-06 01:26:52,UTC-08:00,2024-01-05 22:19:42,2024-01-05 22:58:59,39,Rowing,8.1,285.0,154,122,18,30,47,0,0,false,,,
2024-01-05 03:38:01,2024-01-06 01:26:52,UTC-08:00,2024-01-05 21:09:06,2024-01-05 22:15:57,66,Elliptical,13.3,653.0,160,135,12,12,54,20,0,false,,,
2024-01-04 02:06:10,2024-01-05 03:38:01,UTC-08:00,2024-01-04 21:36:52,2024-01-04 21:47:29,10,Basketball,5.6,98.0,147,133,0,33,67,0,0,false,,,
2024-01-04 02:06:10,2024-01-05 03:38:01,UTC-08:00,2024-01-04 20:42:41,2024-01-04 21:29:26,46,Cycling,8.2,339.0,139,122,3,89,8,0,0,false,,,
2024-01-03 02:39:46,2024-01-04 02:06:10,UTC-08:00,2024-01-03 18:59:04,2024-01-03 19:45:16,46,Basketball,11.0,427.0,164,133,12,20,58,10,0,false,,,
2024-01-03 02:39:46,2024-01-04 02:06:10,UTC-08:00,2024-01-03 18:01:22,2024-01-03 18:51:25,50,Basketball,7.1,246.0,145,110,46,30,14,0,0,false,,,
2024-01-02 03:09:12,2024-01-03 02:39:46,UTC-08:00,2024-01-02 15:57:57,2024-01-02 16:26:55,28,Basketball,10.0,322.0,161,142,0,4,74,22,0,false,,,
2024-01-01 03:46:13,2024-01-02 03:09:12,UTC-08:00,2024-01-01 14:43:30,2024-01-01 15:07:35,24,Walking,3.6,35.0,113,83,9,0,0,0,0,true,1204.54,67.89,5.55
2023-12-31 01:50:17,2024-01-01 03:46:13,UTC-08:00,2023-12-31 18:56:31,2023-12-31 19:19:35,23,Elliptical,7.2,192.0,155,128,11,32,55,1,0,false,,,
2023-12-31 01:50:17,2024-01-01 03:46:13,UTC-08:00,2023-12-31 17:37:17,2023-12-31 18:32:21,55,Rowing,12.6,538.0,168,136,12,15,43,30,0,true,483.23,20.56,0.67
2023-12-31 01:50:17,2024-01-01 03:46:13,UTC-08:00,2023-12-31 12:31:10,2023-12-31 13:10:47,39,Yoga,8.2,55.0,105,77,9,0,0,0,0,false,,,
2023-12-30 01:51:31,2023-12-31 01:50:17,UTC-08:00,2023-12-30 13:36:00,2023-12-30 14:30:23,54,Running,10.8,429.0,167,126,19,25,36,17,0,true,524.07,79.02,1.36
2023-12-30 01:51:31,2023-12-31 01:50:17,UTC-08:00,2023-12-30 12:36:42,2023-12-30 13:21:03,44,Weightlifting,4.6,85.0,130,91,45,4,0,0,0,false,,,
2023-12-29 01:52:55,2023-12-30 01:51:31,UTC-08:00,2023-12-29 19:57:00,2023-12-29 20:16:10,19,Weightlifting,4.5,58.0,131,100,39,29,0,0,0,false,,,
2023-12-29 01:52:55,2023-12-30 01:51:31,UTC-08:00,2023-12-29 18:27:26,2023-12-29 18:43:09,15,Cycling,6.6,153.0,154,137,0,6,92,2,0,true,0.00,0.00,0.00
